<annotation>
	<folder>JPEGImages</folder>
	<filename>RGB_Record_Data_05-42-08_0.rgb-69.jpg</filename>
	<path>/home/cai/Desktop/dataset/car_action_detect/JPEGImages/RGB_Record_Data_05-42-08_0.rgb-69.jpg</path>
	<source>
		<database>Unknown</database>
	</source>
	<size>
		<width>1280</width>
		<height>720</height>
		<depth>3</depth>
	</size>
	<segmented>0</segmented>
	<object>
		<name>person</name>
		<pose>Unspecified</pose>
		<truncated>1</truncated>
		<difficult>0</difficult>
		<bndbox>
			<xmin>809</xmin>
			<ymin>73</ymin>
			<xmax>1262</xmax>
			<ymax>720</ymax>
		</bndbox>
	</object>
	<object>
		<name>person</name>
		<pose>Unspecified</pose>
		<truncated>0</truncated>
		<difficult>0</difficult>
		<bndbox>
			<xmin>46</xmin>
			<ymin>102</ymin>
			<xmax>367</xmax>
			<ymax>567</ymax>
		</bndbox>
	</object>
	<object>
		<name>person</name>
		<pose>Unspecified</pose>
		<truncated>0</truncated>
		<difficult>0</difficult>
		<bndbox>
			<xmin>441</xmin>
			<ymin>194</ymin>
			<xmax>665</xmax>
			<ymax>465</ymax>
		</bndbox>
	</object>
</annotation>
